{
    "backend": "ibm_fez",
    "shots": 4096,
    "complexity": 6,
    "job_id": "d5uqhucbmr9c739okdcg",
    "timestamp": "20260131_080210",
    "results": [
        {
            "theta": 0.0,
            "counts": {
                "00": 3829,
                "01": 65,
                "11": 25,
                "10": 177
            },
            "metrics": {
                "dominance": 0.934814453125,
                "top_state": "00",
                "purity": 0.8760344982147217,
                "hellinger": 0.557300227228552,
                "z_score": 148.4595208725816
            }
        },
        {
            "theta": 0.196,
            "counts": {
                "10": 3723,
                "11": 84,
                "00": 263,
                "01": 26
            },
            "metrics": {
                "dominance": 0.908935546875,
                "top_state": "10",
                "purity": 0.8307474851608276,
                "hellinger": 0.534016057195684,
                "z_score": 142.16650194477944
            }
        },
        {
            "theta": 0.4,
            "counts": {
                "00": 3681,
                "10": 299,
                "01": 65,
                "11": 51
            },
            "metrics": {
                "dominance": 0.898681640625,
                "top_state": "00",
                "purity": 0.8133642673492432,
                "hellinger": 0.5216668904586195,
                "z_score": 138.8288893131404
            }
        }
    ]
}